<?xml version="1.0" encoding="UTF-8"?>
<!DOCTYPE suite SYSTEM "http://testng.org/testng-1.0.dtd">
<suite name="Suite" parallel="tests">
  <test thread-count="5" name="Test">
    <classes>
      <class name="org.openqa.yalla.testcases.CreateLead"/>
    </classes>
  </test> <!-- Test -->
   <test thread-count="5" name="Test">
    <classes>
      <class name="org.openqa.yalla.testcases.CreateLead"/>
   	 <class name="org.openqa.yalla.testcases.CreateLead"/>
    </classes>
  </test>
</suite> <!-- Suite -->
